n_qubits,n_operators,matrix_size,time_ms,peak_mem_kb
1,4,2x2,0.014083,1.31
2,16,4x4,5.913167,21.56
3,64,8x8,46.112709,69.55
4,256,16x16,276.998000,308.10
5,1024,32x32,1507.915125,1595.43
